﻿Designator,Footprint,Quantity,Value,LCSC Part #
"D1, D10, D11, D12, D13, D14, D15, D16, D17, D18, D19, D2, D20, D21, D3, D4, D5, D6, D7, D8, D9",Diode_TH_SMD_DUAL,21,D_Small,
"H1, H2, H3, H4",Hole_5.7mm,4,MountingHole,
J1,Battery,1,Conn_01x02_Pin,
J2,JST_SH_Battery_DUAL,1,BAT,
PWR1,MSK-12C02_DUAL,1,SW_SPDT,
"SW1, SW10, SW11, SW12, SW13, SW14, SW15, SW16, SW17, SW18, SW19, SW2, SW20, SW21, SW3, SW4, SW5, SW6, SW7, SW8, SW9",KS-27_KS-33_Hotswap_1U_DUAL,21,SW_SPST,
U1,XIAO_nRF52840_DUAL,1,XIAO_nRF52840,
